<?xml version="1.0" encoding="UTF-8"?>
<project-private xmlns="http://www.netbeans.org/ns/project-private/1">
    <editor-bookmarks xmlns="http://www.netbeans.org/ns/editor-bookmarks/2" lastBookmarkId="0"/>
    <open-files xmlns="http://www.netbeans.org/ns/projectui-open-files/2">
        <group>
            <file>file:/E:/Repos/uni_masters/M30CDE/Assignment/Code/ElectronicProductStore/web/home/index.xhtml</file>
            <file>file:/E:/Repos/uni_masters/M30CDE/Assignment/Code/ElectronicProductStore/src/java/EntityModels/Purchase.java</file>
            <file>file:/E:/Repos/uni_masters/M30CDE/Assignment/Code/ElectronicProductStore/src/java/EntityModels/Product.java</file>
            <file>file:/E:/Repos/uni_masters/M30CDE/Assignment/Code/ElectronicProductStore/test/EntityModels/CustomerOrderTest.java</file>
            <file>file:/E:/Repos/uni_masters/M30CDE/Assignment/Code/ElectronicProductStore/src/java/Servlets/Admin.java</file>
            <file>file:/E:/Repos/uni_masters/M30CDE/Assignment/Code/ElectronicProductStore/src/java/Models/ProductCategories.java</file>
            <file>file:/E:/Repos/uni_masters/M30CDE/Assignment/Code/ElectronicProductStore/web/category/List.xhtml</file>
            <file>file:/E:/Repos/uni_masters/M30CDE/Assignment/Code/ElectronicProductStore/test/EntityModels/ProductTest.java</file>
            <file>file:/E:/Repos/uni_masters/M30CDE/Assignment/Code/ElectronicProductStore/web/product/Create.xhtml</file>
            <file>file:/E:/Repos/uni_masters/M30CDE/Assignment/Code/ElectronicProductStore/web/customerOrder/View.xhtml</file>
            <file>file:/E:/Repos/uni_masters/M30CDE/Assignment/Code/ElectronicProductStore/web/customerOrder/OrderDenied.xhtml</file>
            <file>file:/E:/Repos/uni_masters/M30CDE/Assignment/Code/ElectronicProductStore/src/java/EntityModels/ShoppingCart.java</file>
            <file>file:/E:/Repos/uni_masters/M30CDE/Assignment/Code/ElectronicProductStore/web/category/Create.xhtml</file>
            <file>file:/E:/Repos/uni_masters/M30CDE/Assignment/Code/ElectronicProductStore/web/product/List.xhtml</file>
            <file>file:/E:/Repos/uni_masters/M30CDE/Assignment/Code/ElectronicProductStore/test/EntityModels/CategoryTest.java</file>
            <file>file:/E:/Repos/uni_masters/M30CDE/Assignment/Code/ElectronicProductStore/web/customerOrder/List.xhtml</file>
            <file>file:/E:/Repos/uni_masters/M30CDE/Assignment/Code/ElectronicProductStore/src/java/EntityModels/CategoryController.java</file>
            <file>file:/E:/Repos/uni_masters/M30CDE/Assignment/Code/ElectronicProductStore/src/java/EntityModels/ProductController.java</file>
            <file>file:/E:/Repos/uni_masters/M30CDE/Assignment/Code/ElectronicProductStore/web/ShoppingCart.xhtml</file>
            <file>file:/E:/Repos/uni_masters/M30CDE/Assignment/Code/ElectronicProductStore/web/customerOrder/Create.xhtml</file>
            <file>file:/E:/Repos/uni_masters/M30CDE/Assignment/Code/ElectronicProductStore/web/purchase/List.xhtml</file>
            <file>file:/E:/Repos/uni_masters/M30CDE/Assignment/Code/ElectronicProductStore/src/java/EntityModels/CustomerOrder.java</file>
            <file>file:/E:/Repos/uni_masters/M30CDE/Assignment/Code/ElectronicProductStore/test/EntityModels/PurchaseTest.java</file>
            <file>file:/E:/Repos/uni_masters/M30CDE/Assignment/Code/ElectronicProductStore/web/customerOrder/OrderConfirmation.xhtml</file>
            <file>file:/E:/Repos/uni_masters/M30CDE/Assignment/Code/ElectronicProductStore/src/java/EntityModels/Category.java</file>
            <file>file:/E:/Repos/uni_masters/M30CDE/Assignment/Code/ElectronicProductStore/web/admin/admin.xhtml</file>
            <file>file:/E:/Repos/uni_masters/M30CDE/Assignment/Code/ElectronicProductStore/web/template.xhtml</file>
            <file>file:/E:/Repos/uni_masters/M30CDE/Assignment/Code/ElectronicProductStore/src/java/EntityModels/CustomerOrderController.java</file>
            <file>file:/E:/Repos/uni_masters/M30CDE/Assignment/Code/ElectronicProductStore/web/customerOrder/MakeOrder.xhtml</file>
        </group>
    </open-files>
</project-private>
